[
  {
    "name": "paypal",
    "logo": "uploads/gateway/paypal.png",
    "namespace": "App\\Lib\\Paypal",
    "phone_required": "0",
    "currency_name": "USD",
    "data": {
      "client_id":"",
      "client_secret":""
    },
    "is_auto": 1
  },
  {
    "name": "stripe",
    "logo": "uploads/gateway/stripe.png",
    "namespace": "App\\Lib\\Stripe",
    "phone_required": "0",
    "currency_name": "USD",
    "data": {
      "publishable_key":"",
      "secret_key":""
    },
    "is_auto": 1
  },
  {
    "name": "mollie",
    "logo": "uploads/gateway/mollie.png",
    "namespace": "App\\Lib\\Mollie",
    "phone_required": "0",
    "currency_name": "USD",
    "data": {
      "api_key":""
    },
    "is_auto": 1
  },
  {
    "name": "paystack",
    "logo": "uploads/gateway/paystack.png",
    "namespace": "App\\Lib\\Paystack",
    "phone_required": "0",
    "currency_name": "USD",
    "data": {
      "public_key":"",
      "secret_key":""
    },
    "is_auto": 1
  },
  {
    "name": "razorpay",
    "logo": "uploads/gateway/razorpay.png",
    "namespace": "App\\Lib\\Razorpay",
    "phone_required": "0",
    "currency_name": "USD",
    "data": {
      "key_id":"",
      "key_secret":""
    },
    "is_auto": 1
  },
  {
    "name": "instamojo",
    "logo": "uploads/gateway/instamojo.png",
    "namespace": "App\\Lib\\Instamojo",
    "currency_name": "INR",
    "phone_required": "1",
    "data": {
      "x_api_key":"",
      "x_auth_token":""
    },
    "is_auto": 1
  },
  {
    "name": "toyyibpay",
    "logo": "uploads/gateway/toyyibpay.png",
    "namespace": "App\\Lib\\Toyyibpay",
    "currency_name": "MYR",
    "phone_required": "1",
    "data": {
      "user_secret_key":"",
      "cateogry_code":""
    },
    "is_auto": 1
  },
  {
    "name": "flutterwave",
    "logo": "uploads/gateway/flutterwave.png",
    "namespace": "App\\Lib\\Flutterwave",
    "phone_required": "1",
    "currency_name": "USD",
    "data": {
      "public_key":"",
      "secret_key":"",
      "encryption_key":"",
      "payment_options":"card"
    },
    "is_auto": 1
  },
  {
    "name": "payu",
    "logo": "uploads/gateway/payu.png",
    "namespace": "App\\Lib\\Payu",
    "phone_required": "1",
    "currency_name": "USD",
    "data": {
      "merchant_key":"",
      "merchant_salt":"",
      "auth_header":""
    },
    "is_auto": 1
  },
  {
    "name": "thawani",
    "logo": "uploads/gateway/thawani.png",
    "namespace": "App\\Lib\\Thawani",
    "phone_required": "1",
    "currency_name": "USD",
    "data": {
      "secret_key":"",
      "publishable_key":""
    },
    "is_auto": 1
  },
  {
    "name": "manual",
    "logo": "uploads/gateway/cash.png",
    "namespace": "App\\Lib\\CustomGateway",
    "phone_required": "0",
    "currency_name": "USD",
    "data": "",
    "is_auto": 0
  },
  {
    "name": "mercadopago",
    "logo": "uploads/gateway/mercado.png",
    "namespace": "App\\Lib\\Mercado",
    "currency_name": "USD",
    "is_auto": 1,
    "image_accept": "0",
    "test_mode": "1",
    "status": "1",
    "phone_required": "0",
    "data": {
      "secret_key": "",
      "public_key": ""
    }
  }
]
